2421997843,ArtificialLearn,Artificial Learning
23822829,aclauge,Anne Clara
111645972,eetimes,EE Times
4091414478,simplerulesres1,SimpleRulesResearch
2903972389,SFMathCircle,SF Math Circle
2684357265,TianTracy,yuanyuan tian
47250662,niketanpansare,Niketan Pansare
39032276,matboehmer,matthias bhmer
2359926157,CIA,CIA
145645192,NASARMC,NASA Robotic Mining
370343849,openNASA,openNASA
370344674,NASAdata,NASA Data Science
44442541,ASUMathematics,ASU Mathematics
1345043875,Functionalworks,Functional Works
2468191135,purelyfunc,Purely Functional 
587748025,antijokeapple,anti joke apple
159982297,TaraReed_,Tara Reed
118951551,JediASU,Jedi ASYule
196474263,DevilsDigest,Devils Digest
2938183474,giocante,Sophie Giocante
18713179,asualert,ASUalert
1018478784,FearTheFork_ASU,Sun Devil Nation
16788561,ASU_Parents,Sun Devil Family 
34021147,asuCLAS,LiberalArts&Sciences
2424122839,asunewspace,ASU NewSpace
355874208,ASUPolice,ASU Police
19732885,asupresoffice,ASU President Office
147470258,samlightstone,Sam Lightstone
2778608971,RenewablNrgySls,RenewableEnergySols
402042632,EmmetOGrady,Emmet O'Grady
64331621,SQLServer,Microsoft SQL Server
3314137754,GenomicsTopNews,Genomics Top News
15506669,JeffBezos,Jeff Bezos
402805486,NASA_Supercomp,NASA Supercomputing
402772162,NASA_NAS,NAS Supercomputing
1862439649,donne_martin,Donne Martin
731033,scott_draves,Scott Draves
3237508895,ctina_n,Christina Nguyen
3306409405,_OliviaMunoz,Olivia Muoz
3675781753,j1kiersten,Kiersten A
53266575,Tommy3Owens27,2PUIFSOPCJZN5ZO
238578342,IncendiaryWitch,Juliene Fresnedi
143512055,EmmaMontague,Emma Montague
483587586,elootellli,k
18299078,lovewithnofear,Kathy N.
43004844,xoxo_katieeee,K A T I E
2894107681,cole_sob,Colette Sobczak
211399202,totonoble,Victoria Noble
377707735,gmzjocelyne,Jocelyne Gomez
123318808,guanzii,Guanzi
857020927,mk_hirai,M. K. Hirai
9551792,solomonstre,Solomon Hykes
3579277522,Nnur0102,Nur
3345199768,AsCetKolik,Yasemin
1115318000,saabbbygirl,Sabrina Bargetto
3316404560,OpenStackTpNews,Open Stack Top News
19012518,tombkeeper,Yang Yu
612423675,edsa_project,EDSA project
3314148722,python_devv,Python Programmers
3877669453,AI_TopNews,AI Top News
2529971,cdixon,Chris Dixon
278977796,mojtaba_arvin,Mojtaba Arvin
6490642,golan,Golan Levin
162441059,kcimc,Kyle McDonald
14962763,mikiobraun,mikiobraun
45660717,cristianomg,Cristiano Carvalho
2541954109,vkrakovna,Victoria Krakovna
212431150,faryad_ds,Faryad D. Sahneh
435035276,Ali_H_Soufan,Ali H. Soufan
320520680,gabegaster,Gabriel Gaster
3317373751,AstronomyTpNews,AstronomyTopNews
3864907813,ApacheSparkNews,Apache Spark News
287197574,MargauxGiles,Margaux Giles
428388285,kornaropoulos,Evgenios
15092452,samykamkar,Samy Kamkar
102420852,ASUResearch,ASU Research
11493602,EvanMPeck,Evan Peck
17427564,grammarnerd,Moira Burke
10313732,skairam,Sanjay Kairam
58668083,erinsolovey,Erin Treacy Solovey
197864271,tiennttq,tiennguyen
16507835,saiphchen,Saiph Savage
52770785,vinitpadhye,Vinit Padhye
62800938,thomasrorystone,Thomas Stone
630671901,miha_jlo,Mihajlo Grbovic
20926161,mdekstrand,Michael Ekstrand
184259900,faisalsyn,Faisal Nawab
69994328,MohamedMokbel,Mohamed Mokbel
308593216,MoSarwat,Mohamed Sarwat
6471602,nikitab,Nikita Brrrisov
232169311,gannimo,Mathias Payer
154061299,RyanDoughertyAZ,Ryan Dougherty
422605896,cuckoosandbox,Cuckoo Sandbox
354715342,yoshi_kohno,Tadayoshi Kohno
20812392,adamdoupe,Adam Doup
3091533259,byucsnews,BYU CS News
15783108,gappy3000,
955370246,KrzakalaF,Krzakala Florent
883039700,zdeborova,Lenka Zdeborova
50722668,randhindi,Rand Hindi
1191986634,designationio,DESIGNATION
3532913541,alexpassss,Alex Pas
331659804,MikeTamir,"Mike Tamir, PhD"
14351460,infocaptor,Data Visualizer
2988003075,jusoneoftoomany,Not the Shepherd
34979681,jmugan,Jonathan Mugan
109958944,TopologyFact,Topology Fact
293116923,aaronquinlan,Aaron Quinlan
3391910519,hacker_unit,Hacker Unit
270962976,v_lomonaco,Vincenzo Lomonaco
7239422,afromusing,Juliana Rotich
136200118,ayahbdeir,ayah bdeir
236548159,littleBits,littleBits
8699902,ronnyk,Ronny Kohavi
16144669,rwaldron,rick waldron
2303538841,soukup_tom,Tomas Soukup
90258002,sfiscience,Santa Fe Institute
229910053,cxdig,Complexity Digest
317422543,ricard_sole,Ricard Sole
1632913393,CSLab_UPF,Complex Systems Lab
3900784053,WWCS_2016,WWCS 2016
1704085728,YRN_CS,YRNCS
1316984629,marco_java,Marco A. Javarone
1467737210,elisa_omodei,Elisa Omodei
1307569508,sarayshai,saray shai
6234742,simoninireland,Simon Dobson
304661173,NicoleKroese,Nicole Kroese
2511461743,rightrelevance,Right Relevance
30150841,peterxing,Peter Xing
177180626,MIT_SHASS,MIT SHASS
15066876,JimHarris,Jim Harris
3053730838,IoTpod,IoT News
3865072994,JavaTpNews,Java Top News
134196350,flightradar24,Flightradar24
224778333,PPI_BI,Jesper Vork
11885742,gmusser,George Musser
3080109069,ScottReitzel,Scott Reitzel
131498466,TeXtip,TeX tips
220139885,DataSciFact,Data Science Fact
254791849,SciPyTip,Scientific Python
15008449,amcafee,Andrew McAfee
3614330609,Dev_Topics,Dev News
35203319,evankirstel,Evan Kirstel
3589385476,__iot__,I_O_T
14914457,jtoy,jtoy
2786648011,ChiefPackaging,Packaging Officer
185043925,satish_jha,Satish Jha  
3315541866,RubyOnRailsTop,RubyOnRails Top News
10701002,guillaume,Guillaume Jarysta
2728923446,trainingstack,Full Stack Training
38897222,gyaroslavtsev,Grigory Yaroslavtsev
707119819,DadiCharles,Charles-Abner DADI
2607404960,DrAndyPardoe,Dr Andy Pardoe
2990736697,LoopGM,"GM, Loop AI Labs"
3222850370,AI_Scientist,Robotic Scientist
22707820,ajfoley,Adam Foley
3243551873,homeAIinfo,the home of AI info
2912834655,clabbarcelona,ComplexLabBarcelona
49311606,cgledhill,Chris Gledhill
40205988,MarieSundstrom,Marie Sundstrm
80384055,demetpinar,Demet P Tanrikulu
382134761,mtizzoni,Michele Tizzoni
290912712,rmathew4tw,Ranjit Mathew
68139427,IanHopkinson_,Ian
1679181,BodilUK,Bodil Isaksen
191544909,theSAIorg,The SAI Organization
149237463,johnpaulhayes,John Paul Hayes
1487292523,DailySecurity,Daily Security News
2511329610,pythonjobsboard,Python Jobs
294862170,Ellen_Friedman,Ellen Friedman
184076276,NickDinges,Nick
1345580348,NinjaEconomics,Ninja Economics
1617314359,JoeFindsTalent,Joe Burridge
2231189623,SafeUM,Secure Messenger
3864588612,MongoDBTopNews,MongoDB Top News
32800037,asayeed,Asad Sayeed
3963872120,pop_cmu,POP at CMU
4032534035,GreatHallBird,Great Hall Bird
791670,leejacobson_,Lee Jacobson
235103172,theGexos,Giorgos X.
14385499,vladon,Vlad Yaroslavlev
14256367,max_webster,John Russell
14550396,jrauser,John Rauser
707909012,arburbank,Andrea Burbank
736919767,kestelyn,Justin Kestelyn
115186691,FreshPatents,FreshPatents
272132790,Scott__Meyers,Scott Meyers
19937948,chengtao_chu,Cheng-Tao Chu
2257125038,artintelmonitor,AIM
2567265674,BorgeHolthoefer,Javier BH
3309490947,fairywedding71,Fairytale Weddings
33388399,calestous,Calestous Juma
237774619,pauldwkirk,Paul Kirk
114972444,sqcomic,Strange Quark Comics
1003363507,imee4stanford,Imee Diego DuBose
376825877,TwitterOSS,Twitter Open Source
14602130,cra,Chris Aniszczyk
11453482,ConcreteVitamin,Zongheng Yang
14132648,ssk2,Sunil Shah
3843083112,deepselfie,Selfie Bot
1308478838,PeaceTankCoop,We Pass The Peace
2153406235,pavepowered,Pave
3434514821,UTAustin_2020,UT Austin 2020
2716645106,typetheorypcast,Type Theory Podcast
2209970148,fngeekery,functionalgeekery
1002477324,TheValerieVonn,Valerie Vonn
475221831,lojban_org,Lojban
2967662663,thjerm,Thomas Hjermitslev
494500953,FA_Europe,Fractal Europe
806271169,StanfordEnergy,Stanford Energy
3017474493,VimFriends,Vim Friends
2924437942,MITGradStudents,MIT GradLink
268354413,gwamitweb,Grad Women at MIT
329025491,DaniStefanovic,Daniel Stefanovic
2356244840,Healthtechtalkn,Healthcare Tech Talk
4027952534,Ut20Class,#UT20
3438841479,lambdajobs,Lambda Jobs
7025112,jserv,Jim Huang
14177408,Wei5,TJ Wei
55121922,2thank,Appreciate Gratitude
577383533,HelpfulTangent,Suzanne A Pierce
2813223643,bwilloch,Bjorn-Erik Willoch
366406586,AvtarRamSingh,Avtar Ram Singh
241457780,JoseVieitez,Jose Vieitez
17836135,BrianUkulele,Brian Wernham
2863574275,DefendingBeef,Defending Beef
3874734673,a_dogandzic,Aleksandar Dogandi
3199605543,AfonsoSBandeira,Afonso S. Bandeira
29178343,alexb80,Alex Dimakis
326706210,szivny,Standa Zivny
3312757710,LearnDataSci,LearnDataSci
386682375,TCGAupdates,TCGA Updates
15393226,PanoramaSW,Panorama Software
9308212,rdpeng,Roger D. Peng
3131323061,DeepLearningTO,Deep Learning TO 
964024976,JolyArnaud,Arnaud Joly
72030668,glouppe,Gilles Louppe
22385548,janexwang,Jane Wang
158477225,ahonkela,Antti Honkela
561899047,avehtari,Aki Vehtari
14699604,jameshensman,jameshensman
243683803,kastnerkyle,Kyle Kastner
40251780,transcranial,Leon Chen
128172051,keepatempo,Ganesh Wani
128520085,iam_aashusingh,Aashu Singh
11296872,louissmit,Louis Smit
41860681,d1ca1,Diana Cai
515692050,jabergT,James Bergstra
261515114,neurobongo,David Cox
3100596960,wjscheirer,Walter Scheirer
