3911053409,PumpkinPiPics,Trick or Tweet
71666839,Opower,Opower
2229185510,MartenMartian,Jenny Marten
3580701441,Jo44,Jo Handelsman
3545097496,af_stevenson,Abigail Stevenson
3430669697,marielle_snyder,Marielle Snyder
3433456251,annarmitchell,Anna Mitchell
3728713337,harshamik,Harsha Mikkilineni
18635278,KrannertCenter,Krannert Center
213419439,TechServicesIL,Technology Services
80124383,KierenJameson,Kieren Jameson
2223451512,xdotai,x.ai
463290190,JESScuz22,Jessica Murphy
341879048,H_GOD,HGOD
941663383,Alexandra__Ma,Alexandra Ma
463963112,payyyton03,Payton Ackerman
53398207,alexvallorosi,Alex Vallorosi
3346151254,RusellMikey,Mikey Russell
3358021923,christinaambro,Christina Ambrosino
3349460883,DDnotTheDonut,David
460693003,JoshRadnor,Josh Radnor
41137081,MattSteffanina,Matt Steffanina
403086984,ArcherFX,Archer
407906246,bheard42,Brent Heard
18948541,SethMacFarlane,Seth MacFarlane
4608961,WoodyAllen,Woody Allen
407977463,jasonsegel,Jason Segel
512573154,erinlangley92,Erin Langley
533057305,sota_pop,Emily Sota
51733566,dagomadness,Benjamin Edwards
302736641,ENDTHEBACKLOG,ENDTHEBACKLOG.org
1939683037,thedeanwinters,Dean Winters
551546265,RaulEEsparza,Ral E. Esparza
47707530,dannflorek,Dann Florek
34792516,MRbelzer,Richard Belzer
261425006,TheRealTTunie,Tamara Tunie
1911481027,marina_brajovic,Marina 
3195886799,USCPBTournament,USC Pickleball '15
444051270,innovationuiuc,Innovation LLC
2584870889,brispils,Brianna
480001969,BrinDuh87,Brinda
141387512,hellofax,HelloFax
2367911,MTV,MTV
10228272,YouTube,YouTube
28201743,Vevo,Vevo
21447363,katyperry,KATY PERRY
85228925,morganocookie,Morgan Cook
459644240,jhirsh03,Jake Hirshman
51762254,MammaMia_01,Mia Cerminaro
14230524,ladygaga,The Countess
16745243,therejects,ALL-AMERICAN REJECTS
19658051,plainwhitets,Plain White T's
18863720,keaneofficial,Keane
104969057,IanMcKellen,Ian McKellen
20106852,starwars,Star Wars
23560015,WarnerBrosEnt,Warner Bros.
65289126,TheRealStanLee,stan lee
18173624,DCComics,DC Comics
11825642,p0cket,Pocket
258530800,LegitJNeice24,Jimmy Neice
610163424,madebyhive,HIVE
15687962,Marvel,Marvel Entertainment
47285504,MarkRuffalo,Mark Ruffalo
3063032281,chrishemsworth,Chris Hemsworth
6480682,azizansari,Aziz Ansari
1643379296,meeshbhoombah,Rohan M.
1186843807,jdunietz,Jesse
391037985,twhiddleston,Tom Hiddleston
23622416,SnowPatrolBand,Snow Patrol
19018401,jason_mraz,Jason Mraz
578322830,IllinoisWCS,WCS at Illinois
20630639,parksandrecnbc,Parks and Recreation
2463721,train,train
2390009330,Scootruss_112,Scott Russell
1086465427,DOMinate_3,Domenic Cepullio
21891735,TheFray,The Fray
28136539,gorillazband,gorillaz
15265990,owlcity,Owl City
14216203,thescript,the script
16008484,idinamenzel,Idina Menzel
93201553,QueenRockBand,Queen
36169080,BarbraStreisand,Barbra Streisand
92231588,OIQFC,Queen Fan Club
28406368,QueenFreddie,Freddie Mercury
22461427,alyankovic,Al Yankovic
6815302,okgo,OK Go
1180500895,thexxers,The xx
48660183,EricClaptonNews,Eric Clapton
8664042,PeterBjornJohn,Peter Bjorn And John
137513133,oficailDaftpunk,daft punk
19320889,wearephoenix,Phoenix
1096009525,PostalService,The Postal Service
70490696,broken_bells,Broken Bells
19656482,Wilco,WILCO
18271625,BlocParty,Bloc Party
69813139,thedrumsforever,The Drums
260839822,grizzlybear,Grizzly Bear
59666165,beirutband,beirut
29503001,wfitzsimmons,William Fitzsimmons
190669767,slottet,The Radio Dept.
13618402,thewombats,The WOMBATS
25520252,dirtyheads,Dirty Heads
15032268,theclarks,The Clarks
22804156,RustedRoot,Rusted Root
110509537,thomyorke,Thom Yorke
6208072,lcdsoundsystem,lcdsoundsystem
40101400,tiesto,Tisto
34464376,swedishousemfia,Swedish House Mafia
54090260,OfficialGLO,GhostlandObservatory
118084359,larouxofficial,La Roux
17174309,diplo,diplo
16151999,theglitchmob,The Glitch Mob
17643683,localnatives,Local Natives
21641130,FitzAndTantrums,Fitz & The Tantrums
18081931,mattandkim,MATT and KIM
33366200,ColdWarKids,Cold War Kids
202530190,EmpireOfTheSun,Empire of the Sun
2366356658,JoyFormidableID,The Joy Formidable
163730859,JackJackJohnson,Jack Johnson
474833666,thecure,The Cure
62587669,thecure_,The Cure
351846496,RadicalFace,Radical Face
101894425,soundgarden,Soundgarden
216744325,m83news,M83
24207998,CAKEMUSIC,CAKE MUSIC
14464766,thelittleidiot,moby XX
17945384,geographermusic,Geographer
28709890,EdwardSharpe,Edward Sharpe
39025860,TNAF,The Naked And Famous
54930650,flo_tweet,florence welch
365445243,blurofficial,blur
29871826,thetempertrap,The Temper Trap
124631720,BillyIdol,Billy Idol
74688649,INXS,INXS
93736851,tearsforfears,Tears for Fears
25516907,Franz_Ferdinand,Franz Ferdinand
115424455,flightfac,Flight Facilities
41606355,wolfgang,Max Wolfgang
29797333,LadytronMusic,Ladytron
49608424,thekooksmusic,The Kooks
21734298,frankiemuniz,Frankie Muniz
16932413,kingsfoil,Kingsfoil
21114159,BombayBicycle,Bombay Bicycle Club
44883983,metronomy,Metronomy
18007213,RyanLewis,Ryan Lewis
26540417,SantanaCarlos,Carlos Santana
18159470,macklemore,Macklemore
545443555,the1975,The 1975
183075111,capitalcities,Capital Cities
153491693,WALKTHEMOONband,WALK THE MOON
222336549,atlasgenius,Atlas Genius
21681783,YYYs,Yeah Yeah Yeahs
143958468,vampireweekend,Vampire Weekend
54187575,TDCinemaClub,Two Door Cinema Club
310080462,SanCiscoMusic,San Cisco
29381527,NeonIndian,Neon Indian
18057465,theflaminglips,The Flaming Lips
1178395218,TheClash,The Clash
2813184458,joydivision,Joy Division
368216109,neworder,New Order
69656547,thestrokes,The Strokes
223165093,whitestripesUS,The White Stripes
50372842,rushtheband,Rush
236956880,BlackSabbath,BlackSabbath
807608628,ledzeppelin,Led Zeppelin
47031322,KansasBand,KANSAS
40629923,LeonardCohen74,Leonard Cohen
22720074,BonJovi,Bon Jovi
160863241,PhilCollinsFeed,Phil Collins
107544554,itspetergabriel,Peter Gabriel
1357087674,BeeGeesOfficial,Bee Gees Official
1633831880,MarkKnopfler,Mark Knopfler
80705314,DireStraits77,Dire Straits
410248525,MonkeesOfficial,The Monkees
166827413,MoodyBluesToday,The Moody Blues
121630627,SMBofficial,Steve Miller Band
22667853,bobdylan,bobdylan.com
41885153,ForeignerMusic,Foreigner
257234051,JourneyOfficial,JOURNEY
78956632,DinosPlace,Dean Martin
43383705,springsteen,Bruce Springsteen
42690723,LouReed,Lou Reed
26347170,depechemode,Depeche Mode
14780915,RollingStone,Rolling Stone
18847632,U2,U2
140699869,OfficialSting,Sting
344831981,harrybelafonte,Harry Belafonte
40139016,DavidBowieReal,David Bowie Official
387184559,OJazzC,OriginalJazzClassics
85401970,billyjoel,Billy Joel
174593833,eltonofficial,Elton John
62252712,donmcleanonline,Don McLean
28747875,SimonGarfunkel,Simon & Garfunkel
1562755178,TheSandGstory,Simon and Garfunkel
171275005,gotye,gotye
85339466,milesdavis,Miles Davis
35051213,iamKAVINSKY,KAVINSKY
607035965,collegevalerie,COLLEGE
26604704,OurNameIsFun,FUN.
479737472,_electricyouth,Electric Youth
146212505,passengermusic,Passenger
186129806,thelumineers,The Lumineers
23731430,CRYSTALCASTLESS,CRYSTAL CASTLES
847123669,MumfordAndSons,Mumford & Sons
299112358,monstersandmen,Of Monsters and Men
239444578,JusticeElectro,Justice Music News
438897828,CHVRCHES,CHVRCHS
33578780,Phantogram,PHANTOGRAM
15155074,PearlJam,Pearl Jam
97315431,awolnation,AWOLNATION
101858534,KingsOfLeon,Kings Of Leon
19341413,CageTheElephant,Cage The Elephant
14994465,jimmyeatworld,Jimmy Eat World
178117805,GeorgeHarrison,George Harrison
539004555,johnlennon,John Lennon
57778499,JimiHendrix,Jimi Hendrix
18307793,TheDoors,The Doors
27758112,ringostarrmusic,Ringo Starr
41305464,TheWho,The Who
74712538,PaulMcCartney,Paul McCartney
19081001,foofighters,Foo Fighters
17518588,SSPU,Silversun Pickups
11354092,rarariot,Ra Ra Riot
342858066,TheShins,The Shins
115512512,boniver,Bon Iver
19429906,sufjanstevens,Sufjan Stevens
217518231,RollingStones,The Rolling Stones
369793906,DirtyProjectors,Dirty Projectors
68412310,Nirvana,Nirvana
297047872,ChiliPeppers,Red Hot ChiliPeppers
1442729774,jaymesyng,Jaymes Young
326889905,disclosure,Disclosure
297882651,flumemusic,Flume
606770013,odesza,ODESZA
17842661,oasis,Oasis
14583400,muse,muse
39597481,Fluxpavilion,Flux Pavilion
108382988,radiohead,Radiohead
54999357,beck,Beck
18396706,arcadefire,Arcade Fire
37736234,spoontheband,SPOON
112833037,modestep,Modestep
82714804,PIXIES,PIXIES
52820773,dcfc,Death Cab for Cutie
131003583,modestmouseband,Modest Mouse
19691643,LMFAO,LMFAO
26763420,Neilyoung,Neil Young 
2852331050,obon_city,Ry Cooder
155705264,Zedd,Zedd
20565284,elliegoulding,Ellie Goulding
