50090898,googledevs,Google Developers
28425476,EngineeringAtIL,Illinois Engineering
13334762,github,GitHub
191225303,djangoproject,Django
63873759,ThePSF,Python - The PSF
16363771,IllinoisCS,CS @ ILLINOIS
28040164,acmuiuc,acm@uiuc
577401044,LeagueOfLegends,League of Legends
614754689,lolesports,LoL Esports
22411875,nytimesphoto,NYT Photo
18948541,SethMacFarlane,Seth MacFarlane
783214,twitter,Twitter
47797211,Lightroom,Adobe Lightroom
309366491,Twitch,Twitch
1344951,WIRED,WIRED
66369206,FCC,The FCC
90964854,2K,2K
50393960,BillGates,Bill Gates
24742040,Xbox,Xbox
11518842,gadgetlab,WIRED Gadget Lab
18164420,nasahqphoto,NASA HQ PHOTO
252780177,MERsporthill,MERsporthill
243381107,GooglePlay,Google Play
1728228840,AnimalMashups,Animal Mashups
65525881,Photoshop,Adobe Photoshop
