28040164,acmuiuc,acm@uiuc
2324094925,gohacksc,HackSC
145911903,RECSOLU,RECSOLU
3315519309,yello_co,Yello
7597362,instructables,instructables
14607140,hackaday,hackaday
17477135,happygoheidi,Heidi Yang
266400754,arduino,Arduino
302666251,Raspberry_Pi,Raspberry Pi
897861037,SimoneGiertz,Simone Giertz
15743570,sitepointdotcom,SitePoint
13857342,randileeharper,Randi Lee Harper
774180818,BuzzFeedLGBT,BuzzFeed LGBT
2540497273,hackwithtrees,TreeHacks
531428881,brackets,Brackets
1369399388,DevDocs,DevDocs
14253109,adambain,adam bain
35739495,anthonynoto,Anthony Noto
357750891,TwitterAds,Twitter Advertising
1603818258,TwitterIR,TwitterIR
1703921150,AngularTutorial,AngularJS Tutorial
1576954508,ngnewsletter,ng-newsletter
2547116455,DubHacks,DubHacks
1689673693,LearnAngularJS,Learn AngularJS
790510992,angularjobs,AngularJS Jobs
1852253100,angularjs_io,AngularJS Central
1425295999,AngularJS_News,AngularJS News
5763262,karaswisher,Kara Swisher
1137751093,twittersecurity,Twitter Security
49993547,UIPhoto,Photos At Illinois
6331462,jess,Jess
17503180,marissamayer,marissamayer
6385432,dickc,dick costolo
20,ev,Ev Williams
4048430896,ACM_CEO,Bobby Schnabel
23890475,jonoringer,Shutterstock CEO-Jon
13,biz,Biz Stone
8161232,richardbranson,Richard Branson
914061,levie,Aaron Levie
22330739,Benioff,Marc Benioff
11417802,jgebbia,Joe Gebbia
12901712,bchesky,Brian Chesky
14225267,drewhouston,Drew Houston
19315174,MicrosoftEdge,Microsoft Edge
106682853,mozilla,Mozilla
2142731,firefox,Firefox
14803701,TweetDeck,TweetDeck
2704581690,javascriptd,Javascript Digest
4169882413,CS_1950,ConcernedStudent1950
2808956630,DigestWordpress,WordPress Digest
2542723250,wp_digest,WordPress Digest
2527913220,html5_digest,HTML5 Digest
2542640070,js_digest,JavaScript Digest
622262193,ReactJS_News,ReactJS News
1535196865,UofTHacks,UofTHacks
2916305152,Snowden,Edward Snowden
126722350,partnerforce,Salesforce Partners
42671211,appexchange,AppExchange
113560280,missmayim,Mayim Bialik
155505157,DataSift,DataSift
16958875,Gnip,"Gnip, Inc."
7834512,SalesforceDevs,SalesforceDevelopers
218984871,policy,Policy
2548979088,TwitterAlas,#alas
2548985366,blackbirds,blackbirds
6843302,Dreamforce,Dreamforce
33612317,salesforce,Salesforce
17497382,marketo,Marketo
15134782,klout,Klout
21762950,WP101,WordPress 101
40516848,wpbeginner,WordPress Beginner
823905,wordpressdotcom,WordPress.com
14458280,HubSpot,HubSpot
685513,WordPress,WordPress 
17093617,hootsuite,Hootsuite
14377870,MailChimp,MailChimp
1160842776,FitterTwitter,FitterTwitter
4020532937,tasty,Tasty
2422427690,joshshimakes,JSON derulo
360831528,trello,Trello
703315680,sriv22_,Sri Vasamsetti
2328002822,TwitterWomen,Twitter Women
338604482,TwitterOpen,TwitterOpen
2717452006,living_rosa,Living rosa
17716129,berwinxie,berwin
1951639321,KygoMusic,Kygo
14531497,dhylbert,Drew Hylbert
20086442,jqiu,Jenny Qiu Hylbert
905409822,TwitterSRE,Twitter SRE
1072232960,twisitor,Twisitor
495309159,TwitterNYC,Twitter NYC
284201599,terns,The Terns
172020392,TwitterSF,Twitter SF
2244994945,TwitterDev,TwitterDev
376825877,TwitterOSS,Twitter Open Source
2691224665,JBUshow,Just Between Us Show
21819430,sweetestsara,Sara Rubin
40041432,itsashlyperez,Ashly Perez
25573936,AllisonRaskin,Allison Raskin
20643592,gabydunn,Gaby Dunn
33933259,UNICEF,UNICEF
436266454,TwitterMovies,Twitter Movies
17471979,NatGeo,National Geographic
158079127,Nonprofits,Twitter Nonprofits
1496009995,jikpapa,Janet Ikpa
20793816,amazon,Amazon
63247343,AskPayPal,AskPayPal
19709040,eBay,eBay
30018058,PayPal,PayPal
27530178,Pocket,Pocket
75079616,IFTTT,IFTTT
279119523,AsanaEng,Asana Engineering
102812444,stripe,Stripe
202886242,asana,Asana
1305940272,SlackHQ,Slack
14878174,TIBCO,TIBCO Software
6253282,twitterapi,Twitter API
95731075,safety,Safety
17874544,Support,Twitter Support
410492923,lxyhuang,Lisa Huang
48269483,GloriaSteinem,Gloria Steinem
14177942,msmagazine,Ms. Magazine
1526228120,TwitterData,Twitter Data
20571802,m7z,Marina Zhao
30000912,feministing,Feministing
1020058453,BuzzFeedNews,BuzzFeed News
5695632,BuzzFeed,BuzzFeed
56768257,femfreq,Feminist Frequency
17264476,Spacekatgal,Brianna Wu
84623395,Qualcomm,Qualcomm
1321576200,oatesmeal,Shaggy Goats
277125214,socoslearning,Socos
90732648,neuraltheory,Vivienne Ming
62809310,Jennifer_Shen,Jennifer Shen
50950600,StartOut,StartOut
755491015,sashaperigo,Sasha Perigo
539605962,outforundergrad,Out For Undergrad
410537231,madewithcode,MadeWithCode
18916728,TrevorProject,The Trevor Project
19556080,triketora,Tracy Chou
515766653,Pebble,Pebble
74594552,AppStore,App Store
437698597,womeng,Twitter WomEng
28175577,WSJpersfinance,WSJ Personal Finance
757303975,ChelseaClinton,Chelsea Clinton
19546277,YahooFinance,Yahoo Finance
1429148504,TheAmyDance,Amy Chen
970207298,SenWarren,Elizabeth Warren
29442313,SenSanders,Bernie Sanders
216776631,BernieSanders,Bernie Sanders
1330457336,billclinton,Bill Clinton
1339835893,HillaryClinton,Hillary Clinton
1093090866,FLOTUS,The First Lady
1536791610,POTUS,President Obama
138725262,HUBBLE_space,HUBBLE
159588456,NASA_Technology,NASA Technology
34743251,SpaceX,SpaceX
13298072,TeslaMotors,Tesla Motors
197962366,buffer,Buffer
7315022,StartupWeekend,Startup Weekend
162887009,Lean,Lean Startup Machine
87725458,StartupDigest,Startup Digest
44224256,LeanCircle,Lean Startup Circle
62466096,theleanstartup,Eric Ries
184997446,leanstartup,The Lean Startup
14278978,ericries,Eric Ries
14541402,mlevchin,Max Levchin
20348377,jeffweiner,Jeff Weiner
10078,reidhoffman,Reid Hoffman
16242081,bhorowitz,Ben Horowitz
1605,sama,Sam Altman
49505699,pfefferminze,googoo girl
88703900,Rio2016_en,Rio 2016
29719864,WES1919,Women's Eng. Society
19353746,SWEtalk,SWE
5943622,pmarca,Marc Andreessen
2211141222,HackTheNorth,Hack the North
299693053,AnaisFBordier,Anas Bordier
46582809,samfuterman,Samantha Futerman
32981735,JennaUshkowitz,Jenna  Ushkowitz
24253645,debian,The Debian Project
12579252,gnome,GNOME
150621067,fedora,Fedora Project
34442404,Sony,Sony
2480951,ubuntu,Ubuntu
58561993,Dell,Dell
46377455,ubuntucloud,Ubuntu Cloud
17193794,HP,HP
16206570,CiscoSecurity,Cisco Security
14627400,RedHatNews,"Red Hat, Inc."
15749983,Cisco,Cisco
12092012,VMware,VMware
167234557,OpenStack,OpenStack
26191233,Rackspace,Rackspace
2951128188,Hired_LA,Hired
893935255,MaxLMaeder,Max Maeder
23917555,Laurennyee_,Lauren Nicole
15527007,newrelic,New Relic
3116191,rails,Ruby on Rails
10257182,heroku,Heroku
265544441,solveherethere,Paulina Zeng
39931495,kelhutch17,Kelly Hutchison
3220930981,TiltEng,Tilt Engineering
3008431471,iszfan,Zhifan Li
995848285,nginx,"NGINX, Inc."
1332857102,iluvcompsci,Bri Chapman
2994201421,sys_coding,Syscoding
417791200,cssdeck,CSSDeck
86026492,jsfiddle,JSFiddle
1269955578,SassCSS,Sass
517021184,CodePen,CodePen.IO
1897685970,meteorhacks,MeteorHacks
1123728704,DiscoverMeteor,Discover Meteor
714688470,befamous,Famo.us
3242380632,ashley_evans5,Ashley Evans
3226058235,TECHJ0BS,tech Jobs
13796572,mint,Mint
25153251,QuickBooksCA,Intuit QuickBooks CA
1125191,QuickBooks,Intuit QuickBooks
591185779,IntuitBrad,Brad Smith
76424904,IntuitInc,Intuit Inc. 
1008678410,IntuitDevStatus,IntuitDev: Status
27230776,IntuitDev,Intuit Developer
1125071,Intuit,Intuit
457033547,digitalocean,DigitalOcean
15813140,googlecloud,GoogleCloudPlatform
21713274,outmagazine,Out Magazine
18327279,Queerty,Queerty
326658079,nginxorg,nginx web server
66780587,awscloud,Amazon Web Services
1138959692,docker,Docker
112471133,EdTrust,The Education Trust
159822053,kelseyhightower,Kelsey Hightower
294127712,BrandonPhilips,Brandon Philips
1198537832,coreoslinux,CoreOS Linux
52970479,rohantan,Rohan Tangadpalliwar
2198008447,McGillHacks,McHacks
2162211631,ProjectAra,Project Ara
289431709,googlephotos,Google Photos
38500966,EducationNext,Education Next
17691468,matthewdierker,Matthew Dierker
22789766,NEAToday,NEA
19616718,USNewsEducation,U.S. News Education
260322213,Brainscape,Brainscape
282280747,gatesed,Gates Education
164691705,educationnation,Education Nation
20437286,usedgov,US Dept of Education
15147042,educationweek,Education Week
18777269,pbsteachers,PBS Teachers
185397767,HuffPostEdu,HuffPostEducation
179248364,MindShiftKQED,MindShift
1665531,DiscoveryEd,Discovery Education
3225368319,farewell_ellie,Ellen Fleetwood
35415477,edutopia,edutopia
3288023092,savannahkay22,Savannah 
22195551,rigoneri,Rigo
18003583,brainpop,BrainPOP
10875712,edmodo,Edmodo
171208741,myhomeworkapp,myHomework
197987694,TechWomen,TechWomen
197987694,TechWomen,TechWomen
1692367087,aneeshack4,Aneesha Kommineni
2923296498,womenintech_rr,Women in Tech
2975528087,Hired_CHI,Hired Chicago
2240590166,SiliconArmada,Silicon Armada
2780056655,Gilzammit,Gilbert
2884184937,annierong5,Annie Rong
1092251173,DurandalJS,DurandalJS
17462723,creativecommons,Creative Commons
34732474,Indiegogo,Indiegogo
52484614,tumblr,Tumblr
16186995,kickstarter,Kickstarter
17416571,Airbnb,Airbnb
19103481,Uber,Uber
2432873714,KukurukuCo,Kukuruku Hub
1306162867,EdgePress,Bleeding Edge Press
86182150,GetEQUAL,GetEQUAL
2596989619,allsecretcoding,Secret Coding
21314814,TheTaskForce,The Task Force
12611642,thinkgeek,ThinkGeek
96916661,changeLGBT,LGBT Rights
21692297,TheAdvocateMag,The Advocate
31583882,glaad,GLAAD
38515613,LGBT_news,LGBT News
305732399,TPEquality,ThinkProgress LGBT
18301196,gaycivilrights,Gay Civil Rights
83487731,lgbtqnation,LGBTQ Nation
18495473,GayRightsMedia,Gay Rights Media
2680961,biggaynews,Big Gay News
16670996,MacroScope,MacroScope
59736898,fteconomics,FT Economics
59486068,EconEconomics,The Economist
2863757679,React_Rocks,React Rocks
113713261,ChromiumDev,Chrome Developers
1653768504,sujaykhandekar,Sujay Khandekar
376585411,dart_lang,Google's Dart Team
2426422297,ReactJSNews,ReactJS News
1566463268,reactjs,React
2477133162,Web_Components,Web Components
469641751,apachecordova,apache cordova
1425993918,polymer,Polymer
15715860,phonegap,PhoneGap
17163743,tutsplus,Envato Tuts+
14490962,TutsPlusCode,Tuts+ Code
39765560,html5doctor,html5doctor
26842343,Modernizr,Modernizr
196782695,TheSassWay,The Sass Way
341793392,compass,Compass
459275531,JavaScriptDaily,JavaScript Live
588938505,yeoman,Yeoman
1723662264,Ionicframework,ionic
921398240,eggheadio,egghead.io
2416277694,ngEurope,ngEurope
309528017,npmjs,npmbot
2266580234,gulpjs,gulp
144894853,CoffeeScript,CoffeeScript
1202090827,bower,Bower
202230373,angularjs,AngularJS
2951197658,Hired_DC,Hired
2282766056,VishalDisawar,Vishal Disawar
30313925,WhiteHouse,The White House
142415193,whispersystems,Open Whisper Systems
316717535,SShourd,Sarah Shourd
2797199022,IOT_RR,Internet of Things
11409282,yknakano,Yoko Nakano
19380829,Yahoo,Yahoo
93701423,TanyaKlich,TanyaKlich
20536157,google,Google
2936942605,iamevashih,Eva Shih
31925790,googletalks,Talks at Google
2457141158,WomenWhoCodeDC,Women Who Code DC
499403883,SathvikaA,Sathvika Ashokkumar
2451250195,DCFemTech,DCFemTech
2845587726,concernedfems,Concerned Feminists
2221695594,powertofly,PowerToFly
260741931,ThinkwithGoogle,Think with Google
69687111,Cognizant,Cognizant
28515035,systers_awards,Systers Pass-It-On
2568252205,TAMUHack,TAMUHack
2654730769,FlyingRobotGirl,Xyla F.
2586219156,NUWildHacks,WildHacks
540366687,systers_org,Systers Community
1129390068,HelpHubHQ,HelpHub
64809827,geekfeminism,Geek Feminism blog
242645565,adainitiative,The Ada Initiative
2384595314,abril_vela,Abril Vela
312187597,walkerrian,R I A N
1885116978,ashleyloberger,Ashley Loberger
1694270155,HopHacks,HopHacks
15837844,DevpostHacks,Devpost
61530307,femgineer,Poornima
158865339,FastCoDesign,Co.Design
16014840,GirlsinTech,Girls in Tech
25053299,FortuneMagazine,Fortune
40533912,MSN_Money,MSN Money
2391946855,CalHacks,Cal Hacks
30993177,ThinkFun,ThinkFun
2190840564,CSTeachingTips,CS Teaching Tips
2319982232,Hack_Chi,HackChi
873025664,KhaliaBraswell,Khalia Braswell
205789121,MONEY,Money
87709774,dailyjs,dailyjs
15560223,techradar,techradar
4898091,FinancialTimes,Financial Times
16184358,CNNMoney,CNNMoney
15764136,USATODAYmoney,USA TODAY Money
1636415030,watchsend,Watchsend
2257035210,SoHacks,SoHacks
24160034,intellijidea,IntelliJ IDEA
1111545264,_developin,developin
17899109,gatesfoundation,Gates Foundation
75069067,ClintonFdn,Clinton Foundation
161801527,melindagates,Melinda Gates
14146389,jetbrains,JetBrains
58572832,acmoffice,ACM@UIUC Office
90323375,tinkercad,Tinkercad
2353663021,DMDII_,DMDII
256494877,appcode,JetBrains AppCode
2339397540,AtomEditor,Atom Editor
19608297,HRC,HumanRightsCampaign
9730472,afterellen,AfterEllen.com
366606110,huffpostgay,huffpostgay
27987687,PinkNews,PinkNews
2334012734,_rethinkpink,Rethink Pink
120276497,LeagueSTEMtech,LeagueSTEMtech
26242543,DIVAmagazine,DIVA Magazine
8192222,Jezebel,Jezebel
2565858253,Things_Design1,All Things Design
5695032,Yale,Yale University
28162128,WSJdeals,WSJ Deals
15460048,MIT,MIT
70266297,udemy,Udemy
94446574,readyforce,Readyforce
2375973745,BigRedHacks,BigRed//Hacks
326912209,udacity,Udacity
19540483,MITOCW,MIT OpenCourseWare
2265207757,PearlHacks,Pearl Hacks
567360618,edXOnline,edX
14591071,Meetup,Meetup
17648193,netmag,net magazine
17135931,wdtuts,Webdesigntuts+
15736190,smashingmag,Smashing Magazine
352053266,coursera,Coursera
348664405,RWD,Responsive Design
16689804,khanacademy,Khan Academy
70096167,codrops,Codrops
850107536,codeorg,Code.org
285019665,Real_CSS_Tricks,CSS-Tricks
240254617,codeschool,Code School
354847710,Codecademy,Codecademy
569145781,MsTechGroup,Ms.Tech
21362105,teganandsara,Tegan and Sara
14394958,treehouse_blog,Treehouse Blog
14763,ryancarson,Ryan Carson
14843763,treehouse,Treehouse
112601087,codeascraft,Etsy Engineering
175145606,chicagoideas,Chicago Ideas
298717440,BuiltInChicago,BuiltInChicago
427424201,1871Chicago,1871 Chicago
259127503,TechweekCHI,Techweek Chicago
400286802,cassidoo,Cassidy Williams
56911708,IllinoisESAA,Illinois ESAA
17425661,lucyliz,Lucy Sutcliffe
1087272067,KaelynAndLucy,Kaelyn And Lucy
28247386,kaeepet,Kae
13058772,LinkedIn,LinkedIn
2221740170,UVaHackers,hack.uva
95444678,kCura,kCura 
8841372,SAI,BI Tech
12,jack,Jack
44196397,elonmusk,Elon Musk
344896093,keen_io,Keen IO
533884891,meteorjs,Meteor
432971072,emberjs,EmberJS
447644824,Firebase,Firebase
910362686,coollavy92,Lavanya Iyer
1393548001,haohangxu,Haohang Xu
15768928,rachaelgking,Rachael King
2172556232,nanoscalegrrl,Jaden Barney
20370620,sfbayrane,Rane Johnson
17003765,GoogleforWork,Google for Work
2424279296,itsme_jocy,Jocy
811470468,RodrigPriscilla,Priscilla Rodriguez 
11014272,ftfinancenews,Finance News
104237736,Bloomberg,Bloomberg LP
1484994439,prismicio,prismic.io
190896859,blueBazaar,Aditi
507709379,Skillcrush,Skillcrush
487201961,xcrushhh,Emily Tran
15166316,HarryShumJr,Harry Shum Jr
2474760650,Flaurenn,Lauren Fang
90215008,TheKatiePeck,katie peck
15066271,PCMag,PCMag
2893971,gigaom,Gigaom
819800,CNETNews,CNET News
6070762,pcworld,PCWorld
14539324,Computerworld,Computerworld
14075836,anitaborg_org,Anita Borg Institute
6820932,ghc,Grace Hopper (GHC)
16343974,Telegraph,The Telegraph
87818409,guardian,The Guardian
1636590253,tim_cook,Tim Cook
20571756,satyanadella,Satya Nadella
514646075,goldieblox,GoldieBlox
18580938,venmo,Venmo
742143,BBCWorld,BBC News (World)
28140646,WSJbusiness,WSJ Business News
5402612,BBCBreaking,BBC Breaking News
51241574,AP,The Associated Press
20402945,CNBC,CNBC
18949452,FT,Financial Times
1652541,Reuters,Reuters Top News
15110357,ReutersBiz,Reuters Business
5988062,TheEconomist,The Economist
67358777,BW,Businessweek
34713362,business,Bloomberg Business
624413,MarketWatch,MarketWatch
275686563,verge,The Verge
717313,arstechnica,Ars Technica
32359921,EconBizFin,The Economist
25562270,ReutersTech,Reuters Tech News
370862912,AdobeDrawing,Adobe Drawing
42703075,cnntech,CNN Tech
38226678,AdobeEdu,Education At Adobe
7905122,guardiantech,Guardian Tech
621583,BBCTech,BBC Technology
1157934350,parsonscodeclub,Creative Code Club
1964964565,HackCornell,HackCornell
2318001806,theHackNC,HackNC
15808647,techreview,MIT Tech Review
73147282,HuffPostTech,HuffPost Tech
2223874693,VT_Hacks,VTHacks
1472997865,HackPSU,HackPSU
21875723,IN_Intelligence,ININ
30315557,googlestudents,Google Students
37060788,lifeatgoogle,Life at Google
63842549,googlecodejam,Google Code Jam
2735591,FastCompany,Fast Company
20562637,businessinsider,Business Insider
278691695,YoungEnt,Young Entrepreneur
19407053,Entrepreneur,Entrepreneur
16896485,Inc,Inc.
312900548,AdobeMuse,Adobe Muse
312909595,EdgeAnimate,Edge Animate
15667744,AdobeFlashCC,Adobe Flash
1112050855,Focus580,Focus
5070301,dreamweaver,dreamweaver
2249129257,hackatbrown,Hack@Brown
238726531,elyceheffez,Elyce Heffez
53297035,IMKristenBell,Kristen Bell
481598648,creativecloud,Adobe Creative Cloud
2730391,AdobeCCVideo,Adobe CC Video/Audio
63786611,Adobe,Adobe
115584650,AdobePremiere,Adobe Premiere Pro
63788496,InDesign,Adobe InDesign
77113713,AdobeAE,Adobe After Effects
47797211,Lightroom,Adobe Lightroom
23822236,Illustrator,Adobe Illustrator
65525881,Photoshop,Adobe Photoshop
16452121,lynda,lynda.com
163024339,Hyper_Channel,Hyper Channel
582050434,FishbowlLabs,Fishbowl Labs
1654576880,CATLYZCHI,Catalyze Chicago
539137645,BoostVC,Boost VC
64844802,a16z,a16z
24775410,sequoia,Sequoia Capital
2315376242,StartUpsBio,Start-Ups.Co
394285497,EweekUIUC,E-Week UIUC
60642052,VentureBeat,VentureBeat
27814665,GoogleVentures,Google Ventures
14277276,techstars,techstars
168857946,500Startups,500 Startups
113130846,ycombinator,Y Combinator
571202103,Medium,Medium
52351557,rethinkdb,RethinkDB
200532585,JoinSquare,"Join Square, Inc."
93017945,Square,Square
65576332,HerCampus,Her Campus
21405623,USATODAYcollege,USA TODAY College
14437126,hackcollege,HackCollege
14763734,DigitalTrends,Digital Trends
4641021,RWW,ReadWrite
14319981,squarespace,Squarespace
7144422,lifehacker,Lifehacker
10876852,TheNextWeb,The Next Web
2890961,Gizmodo,Gizmodo
112242274,mashbusiness,Mashable Business
112237162,mashablemobile,Mashable Mobile
91478624,Forbes,Forbes
14885549,ForbesTech,Forbes Tech News
1344951,WIRED,WIRED
112243365,mashabletech,Mashable Tech
972651,mashable,Mashable
423526663,ask_jeaves,Janna Eaves
106551903,ritz6518,Ritz
470323918,gabbyrhinner,Gabriela Hinner
2294036568,SupriyaHobbs,Supriya Hobbs
2294740921,BeMissPossible,Miss Possible
578322830,IllinoisWCS,WCS at Illinois
21010243,OracleDatabase,Oracle Database
150820027,javacodegeeks,Java Code Geeks
125485258,java,Java
809273,Oracle,Oracle
25524283,phpizer,PHP Web Developer
18469707,php_net,php.net
44932521,MySQL,MySQL
379754341,MichelleWKwan,Michelle Kwan
2187558360,bitcmp,Bitcamp
588928296,_winifreddie,Winnie Yang
18080585,MongoDB,MongoDB
91985735,nodejs,Node.js
1540636280,BestRubyOnRails,BestRubyOnRails
598334956,Recpass,Recpass
18516444,tylerwardmusic,Tyler Ward
18863815,coldplay,Coldplay
1339494307,BoilerMake1,BoilerMake
17826187,Microsoft_EDU,Microsoft Education
22173676,usejquery,Use jQuery
2296348364,parekh_92,Shivani Parekh
9460682,ch9,Microsoft Channel 9
294210173,bldwin,Build
111197966,GoogleAppsDev,Google Apps Dev
14538601,jquery,jQuery
372475592,getbootstrap,Bootstrap
382267114,Android,Android
93711247,AndroidDev,Android Developers
50090898,googledevs,Google Developers
13334762,github,GitHub
15936194,twilio,twilio
14239157,Mashery,Mashery
120550147,hackNY,hackNY
436821500,MasheryDev,Mashery Developers
380784511,hackerleague,Hacker League
168264219,nest,Nest
1617062822,YaleHack,YHack @ Yale
1297737198,HackTX,HackTX
1918473986,thehacktech,Hacktech
384515877,HackPrinceton,HackPrinceton
1912272211,HackDuke,HackDuke
490721662,MichiganHackers,Michigan Hackers
