4489408392,cono_by_nino,Master of Ceremonies
872077664,Piggysue23,Susan Fleitman
391891226,TNG_S8,TNG Season 8
3325342813,WorfEmail,Worf Email
53493442,elihickox,Eli Hickox
4061631672,BobRossGameDev,"Bob Ross, Game Dev"
3272546528,kermpany,Kermpany
3279761154,RobertPieta,Robert Pieta
9729502,travisk,travis kalanick
109702390,sfmta_muni,SFMTA
272164735,Uber_LA,Uber Los Angeles
262543897,MarcusBiel,Marcus Biel
3319259803,CabinetMoose,Brian Doherty
2573880420,UberEng,Uber Engineering
272161437,Uber_SF,Uber San Francisco
3267295140,davidmajnemer,David Majnemer
20643907,boztank,Boz
3266113242,dan_maxbauer,Dan Maxbauer
3351056229,Jbackesmarket,James Backes
253536357,ESA_Rosetta,ESA Rosetta Mission
19103481,Uber,Uber
208442526,Philae2014,Philae Lander
18708466,danharmon,Dan Harmon
75051475,NegatedVoid,Murph
22058713,smoozle,susan
9816012,peaceea,Avani
1093090866,FLOTUS,The First Lady
500042487,SteveCarell,Steve Carell
502135911,Nick_Offerman,Nick Offerman
241382835,prattprattpratt,chris pratt
19879313,evilhag,Aubrey Plaza
37710752,BillNye,Bill Nye
487201961,xcrushhh,Emily Tran
1571270053,Amazing_Maps,Amazing Maps
2936942605,iamevashih,Eva Shih
31029973,pokezel,Ethan Heilicher
325832193,jonathansfrakes,Jonathan Frakes
592354093,AdvntrTimeLover,Brooke Ann Warner
136505371,GROUPLOVE,GROUPLOVE
1332857102,iluvcompsci,Bri Chapman
19725644,neiltyson,Neil deGrasse Tyson
234270825,KenJennings,Ken Jennings
19029137,BrentSpiner,Brent Spiner
28040164,acmuiuc,acm@uiuc
2876937380,Sinistersoup_jg,Jim Gallagher
70538517,tide2d,Sam Isaacson
31064031,DrewC212,Drew Cross
2779031539,SJUXC,SJU Cross Country
218664654,bigQuakesSF,Large Quakes SF
2760841076,LocalHiGrindz,LocalHawaiianGrindz
3762811,JeffLale,Jeff
14954889,devmage,andrew
602317143,SirPatStew,Patrick Stewart
2341337263,RikerGoogling,Riker Googling
6666492,c99koder,Sam Steele
40534747,nathanhandler,Nathan Handler
14872511,Wealthfront,Wealthfront
58828530,UnsungHero97,Hristo Oskov
139242923,exocog,Greg Perkins
2242859006,VaraUpdates,Vara Updates
293236870,MNJagger,Matt Jagger
1146837372,osga_me,cha.osga.me
68446438,reedlabotz,Reed La Botz
16672188,5entinel,5entinel
132978393,poletential,Poletential
500152639,JoA_35,Joah Schwecke
16363771,IllinoisCS,CS @ ILLINOIS
199864410,jtfairbank,Taylor Fairbank
712666668,jjinux,Shannon -jj Behrens
1414010100,AlvinLNusbaum,Alvin L Nusbaum
1571574049,RevanthChada,Revanth Chada
77047255,dafeinberg,Danielle Feinberg
22458563,SeanA208,Sean Abraham
393811607,p1b3d,Sam Isaacson
369675865,RJMarsan,RJ Marsan
394475674,kreecher73,David Colburn
396306911,CamilleSwift,Camille Swift
18791113,UCLSprodigy,Andrew Zich
18000702,AndrewMunn,Andrew Munn
352408119,1tyhoke,Tyler Hokanson
385215437,MarnerJoshua,Joshua Marner
270163943,emterhaar,Elissa Terhaar
563257577,grace_of_mice,g e link
1535271133,lainey_be,Lainey Be
15784235,justin_tulloss,Justin Tulloss
365725796,NancyWenZhang,Wen
24183199,bmcginty,Brendan McGinty
142014771,adamsnyder1,Adam Snyder
6898192,dstark,Dylan Stark
25919954,csproctor,Ciara Proctor
457187264,adam_vail,Adam Vail
2420587518,KatyTorchia,Katy Torchia
238412497,loliponi,Corbin Souffrant
87770695,CSBSJU,CSB/SJU
2200402579,MuseumAdvocait,Cait Reizman
36393,rboyce,robert boyce
14093707,SFist,SFist
1431870608,keldon59,Kelly D
36678907,dpaola2,Dave Paola
1232869772,alexmruble,Alex Ruble
72129682,bradypking,Brady Patrick King
175091719,KarlTheFog,Karl the Fog
51080867,TheTyCox,Ty
268894201,annatwilli,Anna Williams
801607129,megeliz_smith,Megan Smith
77350143,jmseeker,Jacob McCreary
2368172820,compoetic,Gavin Owens
2304043074,Zachcurry13,Zachary Boever
561547908,robotdanceparty,Robot Dance Party!
14391068,nicktabick,Nick Tabick
17691468,matthewdierker,Matthew Dierker
1443948260,BigBonedBrooke2,Brooke Warner :)
1310800698,HerouxMichael,Michael Heroux
629863,colegleason,Cole Gleason
42021919,rebecca0429,Rebecca Roa
116878314,BenSeefeldt,Ben Seefeldt
1247942437,clpwn,jake mcginty
2522024795,KDR3989,Kiefer Rogers
27293330,beaver3113,Zach B
14360099,AnonSequitur,Gavin
1551570247,techemployee,Entitled Tech Worker
439728517,pequenamermaid,Ariel Ann
147330537,YourTubbyFriend,Justin Hoffman
423094497,MattClasen,Matt Clasen
213295930,ItGetsBetter,It Gets Better
435154797,ElizabethGleich,Elizabeth Gleich
15150727,CJS7070,Calvin Shirley
234622740,K_Marquardsen,Kevin
779042629,Brendan_J_Ryan,Brendan Ryan
521804473,joycebox789,Thomas Joyce
76763982,JohnnyNFN,John Woods
1223409404,DefyGravityCU,Defy Gravity
635013792,googleglass,Google Glass
369675907,goldenbirch21,Brianna Birman
411314994,kelseytorch,Kelsey Torchia
517110438,YourInAmerica,Your in America Bot
8032822,mollstam,Tobias Mollstam
228865184,Leester0337,Lee Gerald Mirowitz
6480682,azizansari,Aziz Ansari
91333167,climagic,Command Line Magic
69225990,acmreflections,ACM r|p Conference
58572832,acmoffice,ACM@UIUC Office
756234864,TheRealMcCoy63,Austin McCoy
174011818,wanderlust_erik,Erik Severinghaus
171845650,IRCCloud,IRCCloud
12,jack,Jack
66625224,RunnerRomo,ROARy
214643017,thecravetruck,Zach Ware
341703777,cedmundsawyer,Charlie Sawyer
40069014,ThirdEyeBlind,Third Eye Blind
23522217,CamGreenRules,Cam Green
129396021,DanShenGou,Jason
606633414,mrgesell,Mitch Gesell
394699533,collin800hager,Collin
257098434,blackdogcu,Black Dog Smoke
541816992,themattgraf,Matt Graf
593469318,UDJPlayer,The UDJ Team
78925893,Clare_Cat,Clare Curtis
21212730,dylnuge,Dylan Nugent
430855368,sean_suter,Sean Suter
249049182,carh0rn,caroline horn
17483113,davrice,David Rice
494684476,HammerofSJU,Logan
486281434,mdjaeger16,Michael Jaeger
392821868,TimothyKadich,mc algorhythmz
443393341,DuncanSecor,Duncan Secor
84664424,8ft4,Elizabeth Mundt
15632834,mhoemmen,Mark Hoemmen
110786782,Alex4theWin,Alexander Helwig
18125335,aishatyler,Aisha Tyler
23235056,KFUCKINGP,KFUCKINGP
271142845,vhmth,Vinay Hiremath
274289431,Scherbermatt,Matthew
138740114,CollegevilleTC,Collegeville TC
132777635,baldandclassy,Tom Brekke
389248374,Spengelish,Nathan Engel
16044551,bhargav,bhargav
29344169,thomaslennon,Thomas Lennon
27042513,RealHughJackman,Hugh Jackman
93516421,nellyspageli,Nelson Osacky
61135090,joshbloch,Joshua Bloch
18825961,Skrillex,SKRILLEX
7861312,feliciaday,Felicia Day
393598166,BrittanyPurrez,Brittany
3552391,signalnine,Gabe Ortiz
80273245,DRUNKHULK,DRUNK HULK
35206553,meganamram,Megan Amram
28470285,sqorgar,Sean Howard
229501774,dthansen,Dustin Hansen
340598608,DidItBearHanded,Patrick McLoone
304679484,HamillHimself,Mark Hamill
65567155,awilliecoolguy,Willie V
204832963,TheTweetOfGod,God
295381982,K1LKU5,J03 K1LKU5
305033638,fladslogic,Jordan Fladland
68257551,icanhaslolcode,LOLCODE
302992415,conner_griffin,Conner Griffin
301592537,tylergberndt,Tyler Berndt
96413111,FriarRJohn,Robert Lennon
27940269,AJSkemp,Adam Skemp
300470273,andyclas,Andy Clasen
137150728,tonyohmann,Tony Ohmann
90625366,romainguy,Romain Guy
291823284,mirthewharren,Matt Harren
23857456,jphenow,Jon Phenow
283121476,christinadactyl,Christina Schaar
162191111,love_it_alot,Brian Weyer 
237845487,GeorgeTakei,George Takei
128956175,TheRealNimoy,Leonard Nimoy
28101343,stevenbabcock,Steven Babcock
6651822,wgropp,Bill Gropp
813286,BarackObama,Barack Obama
14668088,snir,snir
262209819,rpmjohnnie,Rascal Denton
23265058,g_rantings,Grant Gibeau
17854063,stephanjenkins,Stephan Jenkins
23023236,tmorello,Tom Morello
113134752,GillianJacobs,Gillian Jacobs
62127399,SUEtheTrex,Specimen FMNH PR2081
256573865,JonahHill,Jonah Hill
36555747,TracyJordanTGS,Tracy Jordan
19279990,donaldglover,childish gambino
117848769,dannypudi,Danny Pudi
242539210,tumblbeast,Tumblbeast
52613032,alisonbrie,Alison Brie
29038088,HAL9000_,HAL 9000
20609518,DalaiLama,Dalai Lama
4519121,Oatmeal,Matthew Inman
133134375,csbsjurecord,The Record
157218534,DeathStarPR,Death Star PR
228862049,GDougieS,Grant
245322611,BFG_BeatDowns,Brandon Downs
165504213,oldwhitemansays,Old White Man Says
228743753,DustinFranta,Dustin Franta
1715051,SethGreen,Seth Green
21879024,tonyhawk,Tony Hawk
22461427,alyankovic,Al Yankovic
66505354,AbedsTweets,Abed Nadir
136080463,anniesboobs,Annie's Boobs
207954234,ishamyyl,Ross Hodapp
185024337,djkirscht,Dan Kirscht
810557,Fuitad,Pierre-Luc Brunet
42982108,themarsvolta,The Mars Volta
50393960,BillGates,Bill Gates
14327149,RiversCuomo,Rivers Cuomo
197505545,Arubin,Andy Rubin
34559099,SklarBrothers,The Sklar Brothers
90420314,ActuallyNPH,Neil Patrick Harris
21067289,apkurt,Alex Kurt
80700514,RealTracyMorgan,Tracy Morgan
