61340037,NSBE_UIUC,U of Illinois NSBE
1618804740,UIUCGreekDraft,UIUC GreekDraft
493658842,illinoisadpi,Alpha Delta Pi
161416009,UIUC_Software,iGEM_UIUCSoftware
274611668,GlobalStudiesIL,Global Studies at IL
110469710,uiuc_lacasa,La Casa at Illinois
20912758,csgso,CSGSO @ UIUC
142325225,WCSuiuc,Women in CS at UIUC
389869676,IMPULSEMagUIUC,IMPULSE
368576818,UIUC_Observer,UIUC Observer
63007061,collegefreebies,CollegeFreebies UIUC
835762400,EtcLab,ETC Lab at UIUC
14072510,AnUncivilPhD,Carol Tilley
359135355,NABAUIUCChapter,NABA UIUC Chapter
537835722,SJPUIUC,SJP UIUC
94441990,TEDxUIUC,TEDxUIUC
104209413,Dance2XSUIUC,Dance2XS UIUC
34644039,sustainILLINOIS,iSEE at U of I
179596015,CBSU_UIUC,Central Black
35130071,CocomeroUIUC,Cocomero
424424191,WeAre_100STRONG,100 STRONG UIUC
175415640,UIResearchPark,UIUC Research Park
53564911,uiucacmsiggraph,UIUC ACM SIGGRAPH
58572832,acmoffice,ACM@UIUC Office
28040164,acmuiuc,acm@uiuc
5767772,askundergrad,UIUC Undergrad Lib
347649036,MellyyArroyo,Melissa Arroyo
329873660,Shanefully_,Shane
232209877,JoshCeballos,Josh Ceballos
18863815,coldplay,Coldplay
74580436,AppleMusic,Apple Music
28706024,Pink,P!nk
14230524,ladygaga,The Countess
21447363,katyperry,KATY PERRY
79293791,rihanna,Rihanna
404446985,JeffYoung16,Jeff Young
1344572484,KigersSigns,Kigers Signs
60078245,ruinahe,Rina He
2165524538,BDGband,BDGband
