2847039154,PanamaRR,Panama Roadrunner
7065602,chrisduketv,Chris Duke
904346720,larry_strunk,SWFL Luxury Homes
3432412779,dakins23,Marcelina Dakins
4213532932,Hamzat20,Hamzi 458
985198807,MrRegUK,MrRegUk
3786719054,4bXhbq6DTy1LKJd,  
3298925011,r_yfootbase8150,
966083606,abuakbar77,Abu Anas
300404626,FunctionFF,Function Factory
3780114556,EvoIXSam27,Samantha Plante
3104860001,43JANNA_Sierra3,Sierra
896457156,fernand20688916,fernando blanco
4290957852,Mdswapon12,Sweet boy
4221117970,AdrienArnaud5,Adrien Arnaud
4280579713,arunmaran_be,Arun
4219064685,juliecastel16,Julie Castel
3135774078,1212Okayama,
2833869708,dylan_tylar,Tylar Dylan Gray
4242898393,carcleaningzone,Car Cleaning Zone
3837973515,jake_up_awsome,J_a_c_o_b
3039950622,almailk66,  
4196343699,EQp6LounICbbcOZ,seluk akr
2874993998,SR77_World,#SR77
3158427422,0NICHOLE5Raven6,NICHOLE Raven
4191811661,Amir22244121,Amir mosi
2485590342,FabKaptazVizion,FAB Kaptaz Vizion
578609078,dilip_davda,dilip davda
2941242205,spark_exchange,Spark Exchange
1306311896,LaunchTechHQ,Launch Tech HQ
517136495,anttonio319,alex
4165028428,JULIECASTEL6,JULIE CASTEL
4165446387,delvac_naicel11,Delvac_Naicel
4159948997,Dank_shoutouts,Dank Shoutouts
2566265684,AiresIlha,leonardo aires ilha
386903226,asiamrus,Siam Rus Trading
4048036994,PoliciaAlmoloya,P.M. A. de Juarez
809904888,ProDeporteMX,Pro Deporte Mxico
3058570741,elyonathan9,Yonathan Toro
1707562254,tuencarte,Tu Encarte
4099834872,_Black_Fighter,Connor kenway
4086482819,scarpa_pedro,Pedro Alves Scarpa
3887853312,ChilliFletes,RedHotChilli FLETES
3259281583,QuantoNumerico,Quanto Numrico
4060733592,ApplewoodRaj,Raj GIll
2583804146,SprUnld,SuperUnleaded
3310183683,danish7778,danishdanial
3435682775,SaveUsJames,James!
3339501017,NBudgies,#Nature #Budgies
4042795635,methenniyoussef,youssef
3362128545,f2056c13045448c,Nikos Ventras
155223749,Syed_ehsan,Syed ehsan
90856931,dadimawardi,Dadi Ahmad Mawardi
3987585372,RobSharma5,Rob Sharma
2846392300,autobatteries2,Auto Batteries
4018641976,TayfurGuldiker,Tayfur Gldiker
2651884862,TheRealestPanik,Pani
3945598332,bc1h0Rtw0JsNpRE,Guri sandhu
850884301,voitureautonome,Voiture Autonome
3854694983,Youtubemaster9,Youtubemaster9
3859147093,kornelio_poth,Kornelio Poth
3692676751,VanzaraSawan,Sawan Vanzara
2609966950,jakob_carpenter,Jakob Carpenter
3821006893,Ahmadfa88915412,Ahmadfauzan
3152654915,PaulPosting,Paul
3794772798,dhull0331,Dylan Hull
863824080,bigdaddy0624,jonathon
3806941095,dkosta68,-!!
380188951,JoseteRacing,JoseteRacing
3728892012,PapaDoneng,Papa doneng
3729607692,Mahtab_Chughtai,Mehtab Chughtai
3741998554,premierresto,Premier Restorations
3351268099,555XNN,   ..
1602735823,AUTHORSPR,AUTHORS PROMOTION
3788315301,annette_pifer,Annette pifer
428259070,GNacciarriti,Graziano Nacciarriti
1654803241,0548999g,   
3244665167,piqepajaxif,Aisling Darnody
3660631873,OliverosHeberth,Heberth Oliveros
925238058,warrenataylor,Warren Taylor
3739503209,chris_tinna94,ChrisTinna
26200057,eli54,Elias C.  Schwartz
3719641708,La_Abzurdah,FanDeAbzurdah
1911131088,MuxamadBashiir,Mohamed Bashiir
51890318,AlirioDumont,Dumont
3610905133,jenskieyogi,cherry jane igoy
3435826509,artorkrasniqi2,artorkrasniqi2
3581443095,1060edgarmendo2,Edgar mendoza
310585097,GregoryBj,gregory blanco
3389032167,DjVava_SA,IG:vava_cpt
3585666072,syampatnayak,syampatnayak
3317055180,ThePeterBarry,Peter Barry
3557615774,BakulBabubhai,bakul babubhai patel
3636912197,nadimabouali,nadim zeineddine
422109346,ghukasgrigoryan,Ghukas Grigoryan
2941343760,fayshafai,Fay Shafai
3218916616,BNice2EachOther,Carl Thompson
1510781436,DirectAutoUK,DirectAutoElectrical
240834796,F4Flist,-_- F4Flist -_-
391646308,rustymark26,mike
3562500555,AndresJaimes87,andres vilarreal
3256966080,OpTic_KaRnage,Daniel Vargas
207102740,servaspol, 
96952477,FIX_MANUALS,Service Manuals
813559782,arjoabshir,amuni
3415561515,kfzwissen,Kfz
1023222469,mgv23statefarm,mgv23statefarm
959899632,putry_ramandha,P!
17986973,Addictd2Success,Addicted2Success.com
3308497626,HamsMotors,Hams Motors
3411824473,pionerosmlm,Chris Vazquez
3503037737,andre_Hben,Andr
142575375,nandemokanteiTO,
2477901942,SHIVAM20101996,shivam parashar
1954243933,agunelbarca,Agun_Nuga
2437899998,chviktor888, 
3453914355,MamozaiEhsan,ehsan mamozai
3433718325,QueenCasseus,Queen Cassie
3360845358,YSyamala,Yaramala syamala
3464056701,Brunasrl,Bruna
1630387249,HarSimranSAini8,HarSimran SAini
3420285929,TK_Ent_Official,TK Entertainment
3360522013,thislifechoseus,This Life Chose Us
1201987153,UrbanVisualsTV,UrbanVisuals VidBlog
3347100313,imunkpili,Mulliyadi Mulliyadi
3335178378,ydsss2013201,ming hang chan 
74403241,fchavula,Francis Chavula
2923390070,HappyEnding001,HappyEnding
3430150378,Coches_Badajoz,Coches de ocasin 
34315139,tremaynecryer,tremayne cryer
3437983983,jaytwix16,mark jay pesidas
2232033499,emailiachampagn,Emailia
607877836,ProLeadSecret,Justin Barclay 
3326408749,amirhatam1234,amirhatam 
450953650,josepablosolanm,jose pablo
3192723956,chanxan_laser,sophiazhou
3402543021,silver_machines,Silver Machines Club
26250653,SleepSkee,TheRealSleepSkee
3307540688,YoungRichIconic,Young Rich & Iconic
316021632,1realistadice,Eugenio Castillo
2976763755,West_Eggers,Billionaire Life
3392405319,PremierAuto2015,Premier Auto Parts
70745648,scobos1,Salvador Cobos
3249971389,TweetPack2,Tweet Pack
2828672892,morefollowHQ,More Follow
3070091900,BAmastermind,Erik C. Johnson
3397038861,SakuraUK,Sakura
3316928443,princevaland42,PR!NC
3226633353,imsrnyB,SrNy-*
3418103357,ToyotaPetawawa,Petawawa Toyota
3395765482,NateDominos,NateDominoes
2893232035,HighlineAutoGrp,Highline Auto Group
3306557886,Eddu_Cross,Eduardo de la Cruz
513222859,joseph_simonini,Joseph Simonini 
3420435239,wulfila_w,Wulfila Wallenburg
3301990201,JV3RzZ,Jav!z ZRi1
2959218500,dedisrl,dediiskandar
3401854745,V12Development,V12 Development
225577327,BeLOGOficial,Antonio Martinez
3270820460,jc7V171,Alex 
120812655,marystiefvater,Mary Stiefvater
2773409943,bruno5110,Bruno Ribeiro
2487772308,ClairesCars,Claire Davies
75649289,JagodicaB,Jagodica Bobica
2871440927,FathomClothing,Fathom Clothing
3298906154,VoltareloDaniel,Daniel Voltarelo
462034372,FlavioSampietro,Flavio Sampietro
3394069965,carmungo,Carmungo
3236083580,DirSpecEvents,BVT Dir Spec Events
191009954,centralfl0723,William Steffy
1929596282,GerardFlores18,Gerard Mendez
2263651928,iammattyg,Matty G
117318400,samir_upatel,  SAM PATEL  
2799296393,MiltonPost,Milton Post
3352062592,qanciyeyare143,Qanciye
231225039,Borroughs,Borroughs Corp
2157555130,red7swindon,RedSeven Marketing
358477010,Alexandresrl666,Alexandre
2334041137,SamuellAnt,samuel ant.
3411748269,camelo8249,Daniel Puello
3278420946,199456ls199456l,Evie li
2797155248,mary0561,Mary
3165659896,SlotCasinoGame,SlotCasinoGamescom
281278303,jgilchris007,J Gilbert
342311834,JudSnyder,Justin Jud Snyder
583954590,RamjanLaskar1,Ramjan Raja/K Bulbul
476473622,TopEVRacing,Top EV Racing
1067075137,JOEL25027,Petrnio fit
2502324957,maniss72776232,maniss
18028084,montevide0,kmarholz
1278258667,mermiikhaled,khaled
3241898758,HughHeffAlston,Billie Peele
78453012,VannYorkToyota,Vann York Toyota
3278771546,Suddenimpact123,Damian De Silva
2854973543,mostafasasa5001,mano cyclist
3396841263,agence243,L'agence
517358661,Cheres4,Cheres
533771781,eric572redline,Eric Faucher
3295581908,reinkegqm4591,alexismgq
2615824706,RamonaIzabela,Ramona-Izabela Duca
