3301013506,clare_platt,Clare platt
601626786,sakalnarula,Sakal Narula
2643075311,hynsonandy,Princewright
1677506292,MorganHallock9,Morgan Hallock
1466002908,StephRigi,Stephanie Rigizadeh
1451422044,MattGorka17,Matt
1022991944,freytrish,Patricia Freyberger
2236980362,KittieTest,Kittie Test
515596964,_tchang,Tommy Chong
61684503,nachiketbhujbal,nacho avg indian. 
704165047,Caitlin_BL,Caitlin
549632180,hannah_raquel17,Hannah Raquel Green
1703459053,PrincetonAlt,The Alternative
289685979,TakimTheDream,Takim Williams
1146814783,DerekMacMath,Derek MacMath
615370994,BWeidenfeld13,brandon weidenfeld
626490633,calculusab,Doc Kane
278098811,JoeyBats19,Jose Bautista
98292773,elima22,Eduardo Lima
408449072,angieLAchiraz,Angie Chiraz
90102445,IvyLife,IvyLife
43085957,NickArnone,Nick Arnone
231996283,D_deMoura,D
159581340,angrypudge,Max
189106656,1898bab,inspirational quotes
1087646863,strangencharmed,Strange & Charmed
30010283,ChrisDChipps,Christopher Chipps
1043855844,MaddieGanuri,Maddie
168959288,kimclark5,Kim Sousa
785750922,waplunk,Will Plunkett
912941142,BelizaPrinceton,Princeton by Beliza 
19045621,alohakatievan,Katie Van 
751270369,brickriviera,Joe Donegan
34486720,izzy_johnston,Izzy Johnston
724548902,GreenCollarVet,justin leblanc
336038825,keeumklein,kimi
325861726,ckarliitooz,CkarloOzZ AlbEertoO
854101268,AriMarkowitz,Ari Markowitz
828348872,JaycKleech,arnold palmer
23013488,princetonian,Daily Princetonian
739276885,karladelafuent,karla de la fuente
735063812,mgnwinters1,Megan Winters
193452146,CLAMP45,Cole Lampman
629905503,Steph_babyyy101,Stephanie
628861978,supsappi,Sapna
405243345,mike_dunsi,Mike Oji
24245262,marisavan,Marisa.
206728573,VERVESocialMag,VERVE Social Mag
108727669,S_o_c_i_a_l_,Social Media
621473507,PotterMaggie,Margaret Potter
378376306,TheGrimyNacho,kabir
77821376,jsusuni,Julia Susuni
378284157,XCJordan,Jordan Rafalko
118124288,xmishma,Michelle Ma
208078071,ElenaGhanaim,Elena Ghanaim
540414320,jillian_turiano,Jilly
487975119,pmangster,P_Mangenie
480936914,blondyabs,Abigail Coyle
546481089,HolyPhill_,Holy
300298653,caseyycammpp,casey camp
546099629,bridgetsweetman,Bridget Sweetman
49240479,evan_chippz,Evan
356483820,Orsillo8,Daniel Orsillo
301215183,BTrimboli,Brian Trimboli
361020250,siponthat_juice,Juhi
357291516,FAF_Magazine,FAF Men's Magazine
292032701,avbytes,Arjun Vijayakumar
254378794,bridgewateritas,Bridgewater Rita's
497539252,johngallagher_,John Gallagher
102397117,BwayGodspell,Godspell on Broadway
505839765,SkipToMyLiou,Lioucifer 
164546415,chak93,Chakra Saranathan
268469470,stephleightyy,lil_ladyy
70698408,_trishhha,Trisha
45662010,tayyglassberg96,taylor glassberg
296898565,JoshKas,Josh Kasman
407358828,tmygatt14,Taylor
438899347,mattyice56,Matt Egan
420145717,Kolen34,AJ Kolen
319357758,laurennn45,Lauren Granahan
293738401,JPaurowski,Jarred Paurowski
66936927,Patrick_Moody,Patrick Moody
406660312,wayne_moon,wayne
331385310,melanieleighf,Melanie Fernandes
292418834,monicaaa_720,monica g
463478205,gOnDooooo,Suneet Degaonkar
360069674,marisax74,Marisa
19472406,rlevinn,Rachel
321033270,michaelaawilson,Michaela Wilson
92121970,xtineecocca,Christine Cocca
458106170,shanteresakxoxo,Shannon Teresak
458003956,alycianoe,Alycia Noe
385094231,EricLuetters,Eric Luetters
139219911,megan_sousa,megan  
366796867,DPicc_11,Dan
320495209,yezdaMmoT,Tom Madzey
169633368,alexzeppa,Alex Mazepa
322924256,rissaaa456,marisaschwerdtfeger
345972687,shelllz13,shelly li
380119397,sprongay,Steve Prongay
135193577,kimkornbluth,Kim Kornbluth
393097357,Bro_Feldt,Mike
378347735,tfry_,Tommy Friar
179604306,iramemai,iramemaj
397788312,NoBunBilly,Billy Freyberger
260426977,FletcherCox,Fletcher Cox
28916138,beccagullickson,Becca Gullickson
163923043,keneil_shah,Kenny Shah
64717697,nirecoops,Erin
46975656,mcgettrick_,lauren mcgettrick
374268501,bridgettt16,Bridget Sweetman
333118289,megtabulous,Megan Lynch
55131272,gillerlenborn,Gillian Erlenborn
